{
    "States": [
        "Wakefulness",
        "Sedation"
    ],
    "Channels": [
        "F7",
        "T3",
        "T5",
        "Fp1",
        "F3",
        "C3",
        "P3",
        "O1",
        "Fz",
        "Cz",
        "Pz",
        "Oz",
        "Fp2",
        "F4",
        "C4",
        "P4",
        "O2",
        "F8",
        "T4",
        "T6"
    ],
    "Target Values": [
        [
            1.0,
            0.0
        ],
        [
            0.0,
            1.0
        ]
    ],
    "Score": {
        "loss": 0.7926198244094849,
        "accuracy": 0.6909340620040894
    },
    "History": {
        "loss": [
            0.65519118309021,
            0.34557706117630005,
            0.19191034138202667,
            0.13256989419460297,
            0.10504276305437088,
            0.08793564140796661,
            0.08026900887489319,
            0.05973108857870102,
            0.06437063962221146,
            0.054216861724853516
        ],
        "accuracy": [
            0.61623615026474,
            0.8800737857818604,
            0.930504322052002,
            0.9532595276832581,
            0.9655596613883972,
            0.9692496657371521,
            0.9741697311401367,
            0.9815497994422913,
            0.9784747958183289,
            0.9821648001670837
        ],
        "val_loss": [
            0.6913629174232483,
            0.7110166549682617,
            0.8283376097679138,
            0.9799660444259644,
            1.0917872190475464,
            1.1223642826080322,
            1.0120506286621094,
            1.0214240550994873,
            0.922401487827301,
            0.7926198244094849
        ],
        "val_accuracy": [
            0.5109890103340149,
            0.5068681240081787,
            0.5068681240081787,
            0.5068681240081787,
            0.5068681240081787,
            0.5109890103340149,
            0.5288461446762085,
            0.5549450516700745,
            0.6222527623176575,
            0.6909340620040894
        ]
    }
}