{
    "States": [
        "Wakefulness",
        "Sedation"
    ],
    "Channels": [
        "F7",
        "T3",
        "T5",
        "Fp1",
        "F3",
        "C3",
        "P3",
        "O1",
        "Fz",
        "Cz",
        "Pz",
        "Oz",
        "Fp2",
        "F4",
        "C4",
        "P4",
        "O2",
        "F8",
        "T4",
        "T6"
    ],
    "Target Values": [
        [
            1.0,
            0.0
        ],
        [
            0.0,
            1.0
        ]
    ],
    "Score": {
        "loss": 0.21954254806041718,
        "accuracy": 0.92665034532547
    },
    "History": {
        "loss": [
            0.6975708603858948,
            0.6027992367744446,
            0.4905236065387726,
            0.356090784072876,
            0.283033549785614,
            0.22293592989444733,
            0.18858449161052704,
            0.14556506276130676,
            0.1647360771894455,
            0.09790876507759094
        ],
        "accuracy": [
            0.5514323115348816,
            0.6497395634651184,
            0.7565104365348816,
            0.8391926884651184,
            0.8932291865348816,
            0.923828125,
            0.9329426884651184,
            0.953125,
            0.9342448115348816,
            0.966796875
        ],
        "val_loss": [
            0.6924355030059814,
            0.6872209906578064,
            0.6922118067741394,
            0.7496045231819153,
            0.8010088801383972,
            0.776878833770752,
            0.6268592476844788,
            0.5530291199684143,
            0.3622242212295532,
            0.21954254806041718
        ],
        "val_accuracy": [
            0.5012224912643433,
            0.5158924460411072,
            0.5,
            0.5,
            0.5,
            0.5,
            0.5378972887992859,
            0.6198043823242188,
            0.8044009804725647,
            0.92665034532547
        ]
    }
}