{
    "States": [
        "Wakefulness",
        "Sedation"
    ],
    "Channels": [
        "F7",
        "T3",
        "T5",
        "Fp1",
        "F3",
        "C3",
        "P3",
        "O1",
        "Fz",
        "Cz",
        "Pz",
        "Oz",
        "Fp2",
        "F4",
        "C4",
        "P4",
        "O2",
        "F8",
        "T4",
        "T6"
    ],
    "Target Values": [
        [
            1.0,
            0.0
        ],
        [
            0.0,
            1.0
        ]
    ],
    "Score": {
        "loss": 1.7299673557281494,
        "accuracy": 0.5222772359848022
    },
    "History": {
        "loss": [
            0.6978117823600769,
            0.5306435823440552,
            0.25934353470802307,
            0.15126729011535645,
            0.12278730422258377,
            0.0934324562549591,
            0.07346179336309433,
            0.058409687131643295,
            0.058284223079681396,
            0.0541747622191906
        ],
        "accuracy": [
            0.5523932576179504,
            0.7554980516433716,
            0.9197930097579956,
            0.9560155272483826,
            0.9592496752738953,
            0.9695989489555359,
            0.9799482822418213,
            0.9838292598724365,
            0.983182430267334,
            0.9857697486877441
        ],
        "val_loss": [
            0.6918050646781921,
            0.6915350556373596,
            0.8055573105812073,
            1.0913538932800293,
            1.344677448272705,
            1.5392274856567383,
            1.6621347665786743,
            1.8359071016311646,
            1.9072519540786743,
            1.7299673557281494
        ],
        "val_accuracy": [
            0.5420792102813721,
            0.5061880946159363,
            0.5061880946159363,
            0.5061880946159363,
            0.5061880946159363,
            0.5061880946159363,
            0.5061880946159363,
            0.5086633563041687,
            0.5136138796806335,
            0.5222772359848022
        ]
    }
}